{
    "adaptive_bed_mesh_margin": "0",
    "auxiliary_fan": "0",
    "bbl_use_printhost": "0",
    "bed_custom_model": "",
    "bed_custom_texture": "",
    "bed_exclude_area": [
        "0x0"
    ],
    "bed_mesh_max": "99999,99999",
    "bed_mesh_min": "-99999,-99999",
    "bed_mesh_probe_distance": "50,50",
    "before_layer_change_gcode": ";BEFORE_LAYER_CHANGE\n;[layer_z]\nG92 E0\n",
    "best_object_pos": "0.5,0.5",
    "change_extrusion_role_gcode": "",
    "change_filament_gcode": "M600",
    "cooling_tube_length": "5",
    "cooling_tube_retraction": "91.5",
    "default_filament_profile": [
        "MINGDA PLA"
    ],
    "default_print_profile": "0.20mm Standard @Magician X2 (0.4 nozzle)",
    "deretraction_speed": [
        "40"
    ],
    "disable_m73": "0",
    "emit_machine_limits_to_gcode": "1",
    "enable_filament_ramming": "1",
    "enable_long_retraction_when_cut": "0",
    "extra_loading_move": "-2",
    "extruder_clearance_height_to_lid": "34",
    "extruder_clearance_height_to_rod": "47",
    "extruder_clearance_radius": "90",
    "extruder_colour": [
        "#FCE94F"
    ],
    "extruder_offset": [
        "0x0"
    ],
    "fan_kickstart": "0",
    "fan_speedup_overhangs": "1",
    "fan_speedup_time": "0",
    "from": "User",
    "gcode_flavor": "marlin",
    "head_wrap_detect_zone": [],
    "high_current_on_filament_swap": "0",
    "host_type": "octoprint",
    "inherits": "Magician X2 (0.4 nozzle)",
    "is_custom_defined": "0",
    "layer_change_gcode": "",
    "long_retractions_when_cut": [
        "0"
    ],
    "machine_end_gcode": "G91; relative positioning\n G1 Z1.0 F3000 ; move z up little to prevent scratching of print\n G90; absolute positioning\n G1 X0 Y0 F1000 ; prepare for part removal\n M104 S0; turn off extruder\n M140 S0 ; turn off bed\n M84 ; disable motors\n M420 S0\n M106 S0 ; turn off fan",
    "machine_load_filament_time": "0",
    "machine_max_acceleration_e": [
        "5000",
        "10000"
    ],
    "machine_max_acceleration_extruding": [
        "5000",
        "15000"
    ],
    "machine_max_acceleration_retracting": [
        "2500",
        "15000"
    ],
    "machine_max_acceleration_travel": [
        "5000",
        "15000"
    ],
    "machine_max_acceleration_x": [
        "5000",
        "15000"
    ],
    "machine_max_acceleration_y": [
        "5000",
        "15000"
    ],
    "machine_max_acceleration_z": [
        "500",
        "100"
    ],
    "machine_max_jerk_e": [
        "5",
        "5"
    ],
    "machine_max_jerk_x": [
        "10",
        "8"
    ],
    "machine_max_jerk_y": [
        "10",
        "8"
    ],
    "machine_max_jerk_z": [
        "0.4"
    ],
    "machine_max_speed_e": [
        "100",
        "60"
    ],
    "machine_max_speed_x": [
        "500",
        "500"
    ],
    "machine_max_speed_y": [
        "500",
        "500"
    ],
    "machine_max_speed_z": [
        "30",
        "15"
    ],
    "machine_min_extruding_rate": [
        "0",
        "0"
    ],
    "machine_min_travel_rate": [
        "0",
        "0"
    ],
    "machine_pause_gcode": "M25\n",
    "machine_start_gcode": " G28 ; home all axes\n M420 S1\n M117 ; Purge extruder\n G92 E0 ; reset extruder\n G1 Z1.0 F3000 ; move z up little to prevent scratching of surface\n G1 X2 Y20 Z0.3 F5000.0 ; move to start-line position\n G1 X2 Y200.0 Z0.3 F1500.0 E15 ; draw 1st line\n G1 X2 Y200.0 Z0.4 F5000.0 ; move to side a little\n G1 X2 Y20 Z0.4 F1500.0 E30 ; draw 2nd line\n G92 E0 ; reset extruder\n G1 Z1.0 F3000 ; move z up little to prevent scratching of surface",
    "machine_unload_filament_time": "0",
    "manual_filament_change": "0",
    "max_layer_height": [
        "0.36"
    ],
    "min_layer_height": [
        "0.08"
    ],
    "name": "Magician-Pro-Legacy",
    "nozzle_diameter": [
        "0.4"
    ],
    "nozzle_height": "4",
    "nozzle_hrc": "0",
    "nozzle_type": "hardened_steel",
    "nozzle_volume": "0",
    "parking_pos_retraction": "92",
    "preferred_orientation": "0",
    "printable_area": [
        "0x0",
        "400x0",
        "400x400",
        "0x400"
    ],
    "printable_height": "400",
    "printer_model": "Magician X2",
    "printer_notes": "",
    "printer_settings_id": "Magician-Pro-Legacy",
    "printer_structure": "undefine",
    "printer_technology": "FFF",
    "printer_variant": "0.4",
    "printhost_authorization_type": "key",
    "printhost_ssl_ignore_revoke": "0",
    "printing_by_object_gcode": "",
    "purge_in_prime_tower": "1",
    "retract_before_wipe": [
        "70%"
    ],
    "retract_length_toolchange": [
        "1"
    ],
    "retract_lift_above": [
        "0"
    ],
    "retract_lift_below": [
        "0"
    ],
    "retract_lift_enforce": [
        "All Surfaces"
    ],
    "retract_restart_extra": [
        "0"
    ],
    "retract_restart_extra_toolchange": [
        "0"
    ],
    "retract_when_changing_layer": [
        "1"
    ],
    "retraction_distances_when_cut": [
        "18"
    ],
    "retraction_length": [
        "1.5",
        "1"
    ],
    "retraction_minimum_travel": [
        "2"
    ],
    "retraction_speed": [
        "60",
        "40"
    ],
    "scan_first_layer": "0",
    "silent_mode": "0",
    "single_extruder_multi_material": "1",
    "support_air_filtration": "1",
    "support_chamber_temp_control": "1",
    "support_multi_bed_types": "0",
    "template_custom_gcode": "",
    "thumbnails": "",
    "thumbnails_format": "PNG",
    "time_cost": "0",
    "time_lapse_gcode": "",
    "upward_compatible_machine": [],
    "use_firmware_retraction": "0",
    "use_relative_e_distances": "1",
    "version": "2.0.0.0",
    "wipe": [
        "1"
    ],
    "wipe_distance": [
        "1"
    ],
    "z_hop": [
        "0.4"
    ],
    "z_hop_types": [
        "Normal Lift"
    ],
    "z_offset": "0"
}
